,Start_Year,Semester,Major,Department,End_Year,1st_Year,TOTAL,SHS-ABM_lag_1,SHS-GenAcad_lag_1,SHS-HUMSS_lag_1,SHS-STEM_lag_1,SHS-TVL-HE_lag_1,SHS-TVL-ICT_lag_1,TOTAL_lag_1,1st_Year_lag_1,1st_Year_rolling_std_lag_1
252,2019,1,Accountancy,SBA,2020,677.0,1486,364.0,294.0,170.0,677.0,186.0,0.0,993.0,695.0,4.04145188432643
253,2019,1,Architecture,SEA,2020,243.0,764,364.0,294.0,170.0,677.0,186.0,0.0,745.0,236.0,383.9587651471618
254,2019,1,BA Comm,SAS,4040,122.0,241,364.0,294.0,170.0,677.0,186.0,0.0,205.0,114.0,335.8586011999693
255,2019,1,BEEd,SED,2020,17.0,34,364.0,294.0,170.0,677.0,186.0,0.0,61.0,14.0,291.8395677993876
256,2019,1,BForensicSci,CCJEF,2020,47.0,49,364.0,294.0,170.0,677.0,186.0,0.0,3.0,3.0,113.09435588628338
257,2019,1,BPEd,SED,2020,13.0,27,364.0,294.0,170.0,677.0,186.0,0.0,39.0,14.0,54.08326913195959
258,2019,1,BS Criminology,CCJEF,2020,83.0,175,364.0,294.0,170.0,677.0,186.0,0.0,181.0,77.0,18.58314648635418
259,2019,1,BS MedTech,SNAMS,2020,52.0,88,364.0,294.0,170.0,677.0,186.0,0.0,97.0,35.0,35.004761580866436
260,2019,1,BSAcctgInfoSys,SBA,4040,3.0,56,364.0,294.0,170.0,677.0,186.0,0.0,623.0,1.0,35.07610772781529
261,2019,1,BSAeronautical,SEA,2020,524.0,1118,364.0,294.0,170.0,677.0,186.0,0.0,755.0,411.0,40.33608806019703
262,2019,1,BSBA HRDM,SBA,2020,2.0,7,364.0,294.0,170.0,677.0,186.0,0.0,24.0,0.0,287.69949600233923
263,2019,1,BSBA-FinMgmt,SBA,2020,36.0,47,364.0,294.0,170.0,677.0,186.0,0.0,13.0,13.0,301.08858054289163
264,2019,1,BSBA-HRM,SBA,2020,0.0,1,364.0,294.0,170.0,677.0,186.0,0.0,2.0,0.0,292.05707204814155
265,2019,1,BSBA-HRMgmt,SBA,2020,19.0,36,364.0,294.0,170.0,677.0,186.0,0.0,20.0,20.0,20.23198787398986
266,2019,1,BSBA-MktgMgmt,SBA,2020,65.0,164,364.0,294.0,170.0,677.0,186.0,0.0,179.0,81.0,18.009256878985177
267,2019,1,BSBALegal,SBA,2020,0.0,3,364.0,294.0,170.0,677.0,186.0,0.0,17.0,0.0,33.42154993413599
268,2019,1,BSCompsci,SOC,2020,75.0,134,364.0,294.0,170.0,677.0,186.0,0.0,115.0,63.0,33.42154993413599
269,2019,1,BSCulinary,SHTM,2020,3.0,37,364.0,294.0,170.0,677.0,186.0,0.0,125.0,31.0,40.722639076234806
270,2019,1,BSED-RelValEd,SED,4040,10.0,23,364.0,294.0,170.0,677.0,186.0,0.0,30.0,17.0,42.46174749112364
271,2019,1,BSEMC-DA,SOC,4040,86.0,172,364.0,294.0,170.0,677.0,186.0,0.0,144.0,63.0,39.70306453327349
272,2019,1,BSHM-Accomm,SHTM,2020,38.0,71,364.0,294.0,170.0,677.0,186.0,0.0,2.0,2.0,46.03259714593504
273,2019,1,BSHM-Culinary,SHTM,2020,60.0,97,364.0,294.0,170.0,677.0,186.0,0.0,7.0,6.0,38.43609414773157
274,2019,1,BSHM-RestFood,SHTM,2020,44.0,65,364.0,294.0,170.0,677.0,186.0,0.0,1.0,1.0,24.027761721252602
275,2019,1,BSHRM,SHTM,2020,5.0,130,364.0,294.0,170.0,677.0,186.0,0.0,296.0,70.0,11.37248140615258
276,2019,1,BSITNetAdmin,SOC,2020,70.0,166,364.0,294.0,170.0,677.0,186.0,0.0,224.0,30.0,28.29016319029075
277,2019,1,BSITWebdev,SOC,2020,95.0,201,364.0,294.0,170.0,677.0,186.0,0.0,202.0,82.0,32.715949219505816
278,2019,1,BSNEd,SED,4040,9.0,23,364.0,294.0,170.0,677.0,186.0,0.0,35.0,12.0,46.45786621588738
279,2019,1,BSNursing,SNAMS,2020,93.0,132,364.0,294.0,170.0,677.0,186.0,0.0,81.0,47.0,44.237992721188846
280,2019,1,BSPsychology,SAS,2020,168.0,287,364.0,294.0,170.0,677.0,186.0,0.0,235.0,117.0,49.08496035786617
281,2019,1,BSRadTech,SNAMS,2020,30.0,45,364.0,294.0,170.0,677.0,186.0,0.0,39.0,14.0,79.54244150137691
282,2019,1,BSTM-DestMgmt,SHTM,2020,11.0,50,364.0,294.0,170.0,677.0,186.0,0.0,21.0,21.0,69.08690179766329
283,2019,1,BSTM-Events,SHTM,4040,8.0,20,364.0,294.0,170.0,677.0,186.0,0.0,18.0,10.0,85.68741642349416
284,2019,1,BSTM-Travel,SHTM,2020,185.0,258,364.0,294.0,170.0,677.0,186.0,0.0,4.0,4.0,11.930353445446547
285,2019,1,BSTourism,SHTM,2020,7.0,70,364.0,294.0,170.0,677.0,186.0,0.0,290.0,102.0,101.33607452432703
286,2019,1,Biological,SED,2020,0.0,1,364.0,294.0,170.0,677.0,186.0,0.0,29.0,0.0,102.48089252798931
287,2019,1,BusMgt,SBA,2020,188.0,415,364.0,294.0,170.0,677.0,186.0,0.0,508.0,180.0,104.84750831564841
288,2019,1,CE,SEA,2020,387.0,1093,364.0,294.0,170.0,677.0,186.0,0.0,978.0,379.0,106.57860948614389
289,2019,1,Comp. Eng'g.,SEA,2020,39.0,140,364.0,294.0,170.0,677.0,186.0,0.0,146.0,54.0,193.52605337094366
290,2019,1,EE,SEA,2020,79.0,236,364.0,294.0,170.0,677.0,186.0,0.0,196.0,52.0,174.59763266818177
291,2019,1,ELECENG,SEA,2020,60.0,220,364.0,294.0,170.0,677.0,186.0,0.0,233.0,53.0,190.42408811212232
292,2019,1,English-BSED,SED,2020,39.0,62,364.0,294.0,170.0,677.0,186.0,0.0,64.0,30.0,20.008331597943954
293,2019,1,Fil-BSED,SED,2020,9.0,23,364.0,294.0,170.0,677.0,186.0,0.0,31.0,13.0,20.008331597943954
294,2019,1,IE,SEA,2020,37.0,163,364.0,294.0,170.0,677.0,186.0,0.0,159.0,35.0,25.63201123595146
295,2019,1,ME,SEA,2020,118.0,455,364.0,294.0,170.0,677.0,186.0,0.0,481.0,116.0,16.77299416721036
296,2019,1,Math,SED,2020,3.0,16,364.0,294.0,170.0,677.0,186.0,0.0,30.0,13.0,56.60683115431636
297,2019,1,Science-BSED,SED,2020,11.0,21,364.0,294.0,170.0,677.0,186.0,0.0,8.0,8.0,59.07904309764403
298,2019,1,SocialStud-BSED,SED,2020,13.0,32,364.0,294.0,170.0,677.0,186.0,0.0,38.0,16.0,64.21059102671417
299,2019,2,Accountancy,SBA,2020,647.0,1445,366.0,291.0,168.0,676.0,183.0,0.0,1486.0,677.0,5.291502622122886
300,2019,2,Architecture,SEA,2020,226.0,748,366.0,291.0,168.0,676.0,183.0,0.0,764.0,243.0,366.61878475240917
301,2019,2,BA Comm,SAS,2020,104.0,220,366.0,291.0,168.0,676.0,183.0,0.0,241.0,122.0,322.63653440572
302,2019,2,BEEd,SED,2020,15.0,31,366.0,291.0,168.0,676.0,183.0,0.0,34.0,17.0,284.8900372658429
303,2019,2,BForensicSci,CCJEF,2020,41.0,48,366.0,291.0,168.0,676.0,183.0,0.0,49.0,47.0,105.92922165295083
304,2019,2,BPEd,SED,2020,13.0,27,366.0,291.0,168.0,676.0,183.0,0.0,27.0,13.0,45.76388678131813
305,2019,2,BS Criminology,CCJEF,2020,75.0,152,366.0,291.0,168.0,676.0,183.0,0.0,175.0,83.0,15.62049935181214
306,2019,2,BS MedTech,SNAMS,2020,44.0,80,366.0,291.0,168.0,676.0,183.0,0.0,88.0,52.0,31.048349392519537
307,2019,2,BSAcctgInfoSys,SBA,4040,2.0,14,366.0,291.0,168.0,676.0,183.0,0.0,56.0,3.0,30.999999999999496
308,2019,2,BSAeronautical,SEA,2020,492.0,1075,366.0,291.0,168.0,676.0,183.0,0.0,1118.0,524.0,36.63786747797012
309,2019,2,BSBA HRDM,SBA,2020,0.0,3,366.0,291.0,168.0,676.0,183.0,0.0,7.0,2.0,271.59037783642725
310,2019,2,BSBA-FinMgmt,SBA,2020,33.0,42,366.0,291.0,168.0,676.0,183.0,0.0,47.0,36.0,283.48074596581216
311,2019,2,BSBA-HRMgmt,SBA,2020,21.0,37,366.0,291.0,168.0,676.0,183.0,0.0,36.0,19.0,275.02545336750194
312,2019,2,BSBA-MktgMgmt,SBA,2020,66.0,144,366.0,291.0,168.0,676.0,183.0,0.0,164.0,65.0,16.703293088487467
313,2019,2,BSBALegal,SBA,2020,4.0,6,366.0,291.0,168.0,676.0,183.0,0.0,3.0,0.0,23.302360395460383
314,2019,2,BSCompsci,SOC,2020,75.0,132,366.0,291.0,168.0,676.0,183.0,0.0,134.0,75.0,32.03643758805356
315,2019,2,BSCulinary,SHTM,2020,3.0,21,366.0,291.0,168.0,676.0,183.0,0.0,37.0,3.0,38.65660788705156
316,2019,2,BSED-RelValEd,SED,2020,7.0,19,366.0,291.0,168.0,676.0,183.0,0.0,23.0,10.0,41.283572196858756
317,2019,2,BSEMC-DA,SOC,4040,76.0,146,366.0,291.0,168.0,676.0,183.0,0.0,172.0,86.0,40.463975747981685
318,2019,2,BSHM-Accomm,SHTM,2020,34.0,68,366.0,291.0,168.0,676.0,183.0,0.0,71.0,38.0,41.04063027456145
319,2019,2,BSHM-Culinary,SHTM,2020,51.0,88,366.0,291.0,168.0,676.0,183.0,0.0,97.0,60.0,34.77067730142627
320,2019,2,BSHM-RestFood,SHTM,2020,39.0,61,366.0,291.0,168.0,676.0,183.0,0.0,65.0,44.0,21.126602503319308
321,2019,2,BSHRM,SHTM,2020,1.0,95,366.0,291.0,168.0,676.0,183.0,0.0,130.0,5.0,8.736894948049555
322,2019,2,BSITNetAdmin,SOC,2020,66.0,129,366.0,291.0,168.0,676.0,183.0,0.0,166.0,70.0,26.102362600600934
323,2019,2,BSITWebdev,SOC,2020,81.0,163,366.0,291.0,168.0,676.0,183.0,0.0,201.0,95.0,32.654759734734725
324,2019,2,BSNEd,SED,4040,8.0,22,366.0,291.0,168.0,676.0,183.0,0.0,23.0,9.0,42.52450274057601
325,2019,2,BSNursing,SNAMS,2020,81.0,121,366.0,291.0,168.0,676.0,183.0,0.0,132.0,93.0,38.55299383100173
326,2019,2,BSPsychology,SAS,2020,157.0,283,366.0,291.0,168.0,676.0,183.0,0.0,287.0,168.0,42.1465696508418
327,2019,2,BSRadTech,SNAMS,2020,29.0,43,366.0,291.0,168.0,676.0,183.0,0.0,45.0,30.0,74.50503338701309
328,2019,2,BSTM-DestMgmt,SHTM,2020,12.0,35,366.0,291.0,168.0,676.0,183.0,0.0,50.0,11.0,64.37390775772384
329,2019,2,BSTM-Events,SHTM,4040,9.0,20,366.0,291.0,168.0,676.0,183.0,0.0,20.0,8.0,79.26537705707284
330,2019,2,BSTM-Travel,SHTM,2020,176.0,268,366.0,291.0,168.0,676.0,183.0,0.0,258.0,185.0,10.785793124904892
331,2019,2,BSTourism,SHTM,2020,7.0,44,366.0,291.0,168.0,676.0,183.0,0.0,70.0,7.0,95.56324258486242
332,2019,2,Biological,SED,2020,0.0,1,366.0,291.0,168.0,676.0,183.0,0.0,1.0,0.0,96.99999999999963
333,2019,2,BusMgt,SBA,2020,179.0,378,366.0,291.0,168.0,676.0,183.0,0.0,415.0,188.0,99.65440281292105
334,2019,2,CE,SEA,2020,369.0,1033,366.0,291.0,168.0,676.0,183.0,0.0,1093.0,387.0,101.38540328863878
335,2019,2,Comp. Eng'g.,SEA,2020,39.0,132,366.0,291.0,168.0,676.0,183.0,0.0,140.0,39.0,184.5273240832731
336,2019,2,EE,SEA,2020,71.0,219,366.0,291.0,168.0,676.0,183.0,0.0,236.0,79.0,165.6301099840645
337,2019,2,ELECENG,SEA,2020,56.0,216,366.0,291.0,168.0,676.0,183.0,0.0,220.0,60.0,181.99267384522184
338,2019,2,English-BSED,SED,2020,36.0,57,366.0,291.0,168.0,676.0,183.0,0.0,62.0,39.0,16.010413278028395
339,2019,2,Fil-BSED,SED,2020,7.0,20,366.0,291.0,168.0,676.0,183.0,0.0,23.0,9.0,17.559422921419362
340,2019,2,IE,SEA,2020,35.0,142,366.0,291.0,168.0,676.0,183.0,0.0,163.0,37.0,24.637369989508382
341,2019,2,ME,SEA,2020,115.0,435,366.0,291.0,168.0,676.0,183.0,0.0,455.0,118.0,16.462077633152088
342,2019,2,Math,SED,2020,1.0,14,366.0,291.0,168.0,676.0,183.0,0.0,16.0,3.0,56.04759881862262
343,2019,2,Science-BSED,SED,2020,9.0,20,366.0,291.0,168.0,676.0,183.0,0.0,21.0,11.0,58.526347343169014
344,2019,2,SocialStud-BSED,SED,2020,11.0,29,366.0,291.0,168.0,676.0,183.0,0.0,32.0,13.0,63.63437226321373
345,2020,1,Accountancy,SBA,2021,524.0,1754,279.0,127.0,139.0,678.0,184.0,0.0,1445.0,647.0,5.291502622121715
346,2020,1,Architecture,SEA,2021,155.0,612,279.0,127.0,139.0,678.0,184.0,0.0,748.0,226.0,296.759723233011
347,2020,1,BA Comm,SAS,2021,68.0,251,279.0,127.0,139.0,678.0,184.0,0.0,220.0,104.0,264.59591833586546
348,2020,1,BEEd,SED,2021,14.0,35,279.0,127.0,139.0,678.0,184.0,0.0,31.0,15.0,242.0970879626601
349,2020,1,BForensicSci,CCJEF,2021,34.0,79,279.0,127.0,139.0,678.0,184.0,0.0,48.0,41.0,71.14070564732921
350,2020,1,BPEd,SED,2021,6.0,30,279.0,127.0,139.0,678.0,184.0,0.0,27.0,13.0,27.300793639256312
351,2020,1,BS Criminology,CCJEF,4042,59.0,185,279.0,127.0,139.0,678.0,184.0,0.0,152.0,75.0,14.422205101853098
352,2020,1,BS MedTech,SNAMS,2021,45.0,101,279.0,127.0,139.0,678.0,184.0,0.0,80.0,44.0,26.51414716712425
353,2020,1,BSAcctgInfoSys,SBA,4042,2.0,7,279.0,127.0,139.0,678.0,184.0,0.0,14.0,2.0,27.465129406817976
354,2020,1,BSAeronautical,SEA,2021,391.0,1218,279.0,127.0,139.0,678.0,184.0,0.0,1075.0,492.0,29.70409623828433
355,2020,1,BSBA-FinMgmt,SBA,2021,22.0,63,279.0,127.0,139.0,678.0,184.0,0.0,42.0,33.0,213.2627487396708
356,2020,1,BSBA-HRMgmt,SBA,2021,9.0,43,279.0,127.0,139.0,678.0,184.0,0.0,37.0,21.0,219.04413558306757
357,2020,1,BSBA-MktgMgmt,SBA,2021,60.0,177,279.0,127.0,139.0,678.0,184.0,0.0,144.0,66.0,216.89244646444766
358,2020,1,BSBALegal,SBA,2021,14.0,19,279.0,127.0,139.0,678.0,184.0,0.0,6.0,4.0,26.501572280400122
359,2020,1,BSBAMgmtAcctg,SBA,2021,0.0,1,279.0,127.0,139.0,678.0,184.0,0.0,,,28.112867753633235
360,2020,1,BSCompsci,SOC,2021,51.0,165,279.0,127.0,139.0,678.0,184.0,0.0,132.0,75.0,31.390019645315142
361,2020,1,BSCulinary,SHTM,2021,1.0,10,279.0,127.0,139.0,678.0,184.0,0.0,21.0,3.0,26.350205565294356
362,2020,1,BSCybersecurity,SOC,2021,1.0,1,279.0,127.0,139.0,678.0,184.0,0.0,,,29.16047553338711
363,2020,1,BSED-RelValEd,SED,2021,3.0,15,279.0,127.0,139.0,678.0,184.0,0.0,19.0,7.0,28.867513459480165
364,2020,1,BSEMC-DA,SOC,4042,47.0,162,279.0,127.0,139.0,678.0,184.0,0.0,146.0,76.0,1.1547005383492062
365,2020,1,BSHM-Accomm,SHTM,2021,8.0,72,279.0,127.0,139.0,678.0,184.0,0.0,68.0,34.0,25.99999999999875
366,2020,1,BSHM-Culinary,SHTM,2021,48.0,122,279.0,127.0,139.0,678.0,184.0,0.0,88.0,51.0,24.09010862020487
367,2020,1,BSHM-RestFood,SHTM,2021,35.0,70,279.0,127.0,139.0,678.0,184.0,0.0,61.0,39.0,22.810816147899516
368,2020,1,BSHRM,SHTM,2021,1.0,55,279.0,127.0,139.0,678.0,184.0,0.0,95.0,1.0,20.404247923735685
369,2020,1,BSITNetAdmin,SOC,2021,38.0,113,279.0,127.0,139.0,678.0,184.0,0.0,129.0,66.0,24.26932219902192
370,2020,1,BSITWebdev,SOC,2021,78.0,209,279.0,127.0,139.0,678.0,184.0,0.0,163.0,81.0,20.550750189062942
371,2020,1,BSNEd,SED,2021,3.0,32,279.0,127.0,139.0,678.0,184.0,0.0,22.0,8.0,38.50973902793864
372,2020,1,BSNursing,SNAMS,2021,97.0,202,279.0,127.0,139.0,678.0,184.0,0.0,121.0,81.0,37.52776749732489
373,2020,1,BSPsychology,SAS,2021,135.0,376,279.0,127.0,139.0,678.0,184.0,0.0,283.0,157.0,49.702447961174705
374,2020,1,BSRadTech,SNAMS,2021,19.0,58,279.0,127.0,139.0,678.0,184.0,0.0,43.0,29.0,67.9509627108644
375,2020,1,BSTM-DestMgmt,SHTM,2021,7.0,51,279.0,127.0,139.0,678.0,184.0,0.0,35.0,12.0,59.13825608971984
376,2020,1,BSTM-Events,SHTM,4042,2.0,17,279.0,127.0,139.0,678.0,184.0,0.0,20.0,9.0,70.69181942299463
377,2020,1,BSTM-Travel,SHTM,2021,148.0,372,279.0,127.0,139.0,678.0,184.0,0.0,268.0,176.0,8.736894948050523
378,2020,1,BSTourism,SHTM,2021,1.0,19,279.0,127.0,139.0,678.0,184.0,0.0,44.0,7.0,82.88747392298356
379,2020,1,BusMgt,SBA,2021,159.0,495,279.0,127.0,139.0,678.0,184.0,0.0,378.0,179.0,84.58329228241993
380,2020,1,CE,SEA,2021,265.0,982,279.0,127.0,139.0,678.0,184.0,0.0,1033.0,369.0,88.21753416035436
381,2020,1,Comp. Eng'g.,SEA,2021,59.0,139,279.0,127.0,139.0,678.0,184.0,0.0,132.0,39.0,132.85079349907284
382,2020,1,EE,SEA,2021,42.0,181,279.0,127.0,139.0,678.0,184.0,0.0,219.0,71.0,103.01456207740712
383,2020,1,ELECENG,SEA,2021,54.0,179,279.0,127.0,139.0,678.0,184.0,0.0,216.0,56.0,124.13299319681273
384,2020,1,English-BSED,SED,2021,28.0,72,279.0,127.0,139.0,678.0,184.0,0.0,57.0,36.0,8.736894948050686
385,2020,1,Fil-BSED,SED,2021,12.0,24,279.0,127.0,139.0,678.0,184.0,0.0,20.0,7.0,13.012814197293027
386,2020,1,IE,SEA,2021,34.0,107,279.0,127.0,139.0,678.0,184.0,0.0,142.0,35.0,21.197484127444664
387,2020,1,ME,SEA,2021,88.0,330,279.0,127.0,139.0,678.0,184.0,0.0,435.0,115.0,11.372481406151726
388,2020,1,Math,SED,2021,5.0,16,279.0,127.0,139.0,678.0,184.0,0.0,14.0,1.0,39.106691669499114
389,2020,1,Science-BSED,SED,2021,7.0,33,279.0,127.0,139.0,678.0,184.0,0.0,20.0,9.0,42.1228362451209
390,2020,1,SocialStud-BSED,SED,2021,5.0,42,279.0,127.0,139.0,678.0,184.0,0.0,29.0,11.0,47.35328218120967
391,2020,2,Accountancy,SBA,2021,502.0,1638,277.0,126.0,140.0,673.0,184.0,0.0,1754.0,524.0,1.1547005383488942
392,2020,2,Architecture,SEA,2021,133.0,569,277.0,126.0,140.0,673.0,184.0,0.0,612.0,155.0,286.3674795316907
393,2020,2,BA Comm,SAS,2021,60.0,237,277.0,126.0,140.0,673.0,184.0,0.0,251.0,68.0,258.05490371882746
394,2020,2,BEEd,SED,2021,10.0,32,277.0,126.0,140.0,673.0,184.0,0.0,35.0,14.0,236.94373453065458
395,2020,2,BForensicSci,CCJEF,2021,28.0,73,277.0,126.0,140.0,673.0,184.0,0.0,79.0,34.0,61.857362806162975
396,2020,2,BPEd,SED,2021,6.0,30,277.0,126.0,140.0,673.0,184.0,0.0,30.0,6.0,25.32455988429541
397,2020,2,BS Criminology,CCJEF,4042,47.0,166,277.0,126.0,140.0,673.0,184.0,0.0,185.0,59.0,11.718930554161473
398,2020,2,BS MedTech,SNAMS,2021,34.0,88,277.0,126.0,140.0,673.0,184.0,0.0,101.0,45.0,20.518284528681473
399,2020,2,BSAcctgInfoSys,SBA,2021,0.0,1,277.0,126.0,140.0,673.0,184.0,0.0,7.0,2.0,20.952326839755294
400,2020,2,BSAeronautical,SEA,2021,366.0,1164,277.0,126.0,140.0,673.0,184.0,0.0,1218.0,391.0,24.26932219902174
401,2020,2,BSBA-FinMgmt,SBA,2021,22.0,66,277.0,126.0,140.0,673.0,184.0,0.0,63.0,22.0,202.21111080584393
402,2020,2,BSBA-HRMgmt,SBA,2021,10.0,43,277.0,126.0,140.0,673.0,184.0,0.0,43.0,9.0,205.2543137995723
403,2020,2,BSBA-MktgMgmt,SBA,2021,60.0,168,277.0,126.0,140.0,673.0,184.0,0.0,177.0,60.0,202.16165149041817
404,2020,2,BSBALegal,SBA,2021,15.0,17,277.0,126.0,140.0,673.0,184.0,0.0,19.0,14.0,26.102362600601094
405,2020,2,BSBAMgmtAcctg,SBA,2021,2.0,75,277.0,126.0,140.0,673.0,184.0,0.0,1.0,0.0,27.537852736429137
406,2020,2,BSCompsci,SOC,2021,50.0,161,277.0,126.0,140.0,673.0,184.0,0.0,165.0,51.0,30.435724623101333
407,2020,2,BSCulinary,SHTM,2021,1.0,8,277.0,126.0,140.0,673.0,184.0,0.0,10.0,1.0,24.82606157515234
408,2020,2,BSED-RelValEd,SED,2021,2.0,14,277.0,126.0,140.0,673.0,184.0,0.0,15.0,3.0,28.005951748391873
409,2020,2,BSEMC-DA,SOC,4042,41.0,143,277.0,126.0,140.0,673.0,184.0,0.0,162.0,47.0,28.005951748391873
410,2020,2,BSHM-Accomm,SHTM,2021,9.0,76,277.0,126.0,140.0,673.0,184.0,0.0,72.0,8.0,22.810816147899065
411,2020,2,BSHM-Culinary,SHTM,2021,49.0,119,277.0,126.0,140.0,673.0,184.0,0.0,122.0,48.0,20.79262689833234
412,2020,2,BSHM-RestFood,SHTM,2021,28.0,57,277.0,126.0,140.0,673.0,184.0,0.0,70.0,35.0,21.166010488514978
413,2020,2,BSHRM,SHTM,2021,1.0,25,277.0,126.0,140.0,673.0,184.0,0.0,55.0,1.0,20.00833159794334
414,2020,2,BSITNetAdmin,SOC,2021,24.0,90,277.0,126.0,140.0,673.0,184.0,0.0,113.0,38.0,24.06241883103034
415,2020,2,BSITWebdev,SOC,2021,81.0,203,277.0,126.0,140.0,673.0,184.0,0.0,209.0,78.0,14.571661996260199
416,2020,2,BSIntAuditing,SBA,2021,0.0,2,277.0,126.0,140.0,673.0,184.0,0.0,,,41.18656738954171
417,2020,2,BSNEd,SED,2021,4.0,30,277.0,126.0,140.0,673.0,184.0,0.0,32.0,3.0,41.60528812542856
418,2020,2,BSNursing,SNAMS,2021,82.0,184,277.0,126.0,140.0,673.0,184.0,0.0,202.0,97.0,45.654499595694375
419,2020,2,BSPsychology,SAS,2021,120.0,366,277.0,126.0,140.0,673.0,184.0,0.0,376.0,135.0,46.23130252689467
420,2020,2,BSRadTech,SNAMS,2021,20.0,57,277.0,126.0,140.0,673.0,184.0,0.0,58.0,19.0,59.13825608971972
421,2020,2,BSTM-DestMgmt,SHTM,2021,3.0,46,277.0,126.0,140.0,673.0,184.0,0.0,51.0,7.0,50.477717856495254
422,2020,2,BSTM-Events,SHTM,4042,2.0,18,277.0,126.0,140.0,673.0,184.0,0.0,17.0,2.0,63.21655901212327
423,2020,2,BSTM-Travel,SHTM,2021,131.0,353,277.0,126.0,140.0,673.0,184.0,0.0,372.0,148.0,10.115993936991604
424,2020,2,BSTourism,SHTM,2021,1.0,10,277.0,126.0,140.0,673.0,184.0,0.0,19.0,1.0,74.1911944460612
425,2020,2,BusMgt,SBA,2021,150.0,470,277.0,126.0,140.0,673.0,184.0,0.0,495.0,159.0,74.76853170507806
426,2020,2,CE,SEA,2021,240.0,884,277.0,126.0,140.0,673.0,184.0,0.0,982.0,265.0,81.09870529176126
427,2020,2,Comp. Eng'g.,SEA,2021,51.0,122,277.0,126.0,140.0,673.0,184.0,0.0,139.0,59.0,120.70763577062262
428,2020,2,EE,SEA,2021,35.0,152,277.0,126.0,140.0,673.0,184.0,0.0,181.0,42.0,94.5357075395322
429,2020,2,ELECENG,SEA,2021,57.0,179,277.0,126.0,140.0,673.0,184.0,0.0,179.0,54.0,114.01900426390894
430,2020,2,English-BSED,SED,2021,28.0,72,277.0,126.0,140.0,673.0,184.0,0.0,72.0,28.0,11.372481406151612
431,2020,2,Fil-BSED,SED,2021,10.0,22,277.0,126.0,140.0,673.0,184.0,0.0,24.0,12.0,15.132745950419176
432,2020,2,IE,SEA,2021,29.0,94,277.0,126.0,140.0,673.0,184.0,0.0,107.0,34.0,23.7135685491083
433,2020,2,ME,SEA,2021,76.0,307,277.0,126.0,140.0,673.0,184.0,0.0,330.0,88.0,10.692676621559952
434,2020,2,Math,SED,2021,5.0,16,277.0,126.0,140.0,673.0,184.0,0.0,16.0,5.0,33.975481355431306
435,2020,2,Science-BSED,SED,2021,7.0,30,277.0,126.0,140.0,673.0,184.0,0.0,33.0,7.0,36.115555282083925
436,2020,2,SocialStud-BSED,SED,2021,3.0,39,277.0,126.0,140.0,673.0,184.0,0.0,42.0,5.0,40.42688874169341
437,2021,1,ABPsychology,SAS,2022,19.0,19,263.0,184.0,172.0,629.0,141.0,0.0,,,1.9999999999789981
438,2021,1,Accountancy,SBA,2022,455.0,1329,263.0,184.0,172.0,629.0,141.0,0.0,1638.0,502.0,8.326663997859582
439,2021,1,Architecture,SEA,2022,237.0,746,263.0,184.0,172.0,629.0,141.0,0.0,569.0,133.0,256.468321630567
440,2021,1,BA Comm,SAS,2022,46.0,283,263.0,184.0,172.0,629.0,141.0,0.0,237.0,60.0,217.99999999999997
441,2021,1,BEEd,SED,2022,23.0,57,263.0,184.0,172.0,629.0,141.0,0.0,32.0,10.0,204.64847910502533
442,2021,1,BForensicSci,CCJEF,2022,22.0,96,263.0,184.0,172.0,629.0,141.0,0.0,73.0,28.0,117.47765745025704
443,2021,1,BPEd,SED,2022,6.0,29,263.0,184.0,172.0,629.0,141.0,0.0,30.0,6.0,13.576941236274198
444,2021,1,BS Criminology,CCJEF,4044,61.0,219,263.0,184.0,172.0,629.0,141.0,0.0,166.0,47.0,9.53939201416447
445,2021,1,BS MedTech,SNAMS,2022,54.0,131,263.0,184.0,172.0,629.0,141.0,0.0,88.0,34.0,28.29016319029006
446,2021,1,BSAcctgInfoSys,SBA,2022,0.0,1,263.0,184.0,172.0,629.0,141.0,0.0,1.0,0.0,29.938826518974423
447,2021,1,BSAeronautical,SEA,2022,346.0,1464,263.0,184.0,172.0,629.0,141.0,0.0,1164.0,366.0,33.38163167571719
448,2021,1,BSBA-FinMgmt,SBA,2022,32.0,101,263.0,184.0,172.0,629.0,141.0,0.0,66.0,22.0,186.14331396355144
449,2021,1,BSBA-HRMgmt,SBA,2022,13.0,51,263.0,184.0,172.0,629.0,141.0,0.0,43.0,10.0,191.19623427253984
450,2021,1,BSBA-MktgMgmt,SBA,2022,52.0,219,263.0,184.0,172.0,629.0,141.0,0.0,168.0,60.0,187.0142597058665
451,2021,1,BSBALegal,SBA,2022,36.0,54,263.0,184.0,172.0,629.0,141.0,0.0,17.0,15.0,19.502136635077424
452,2021,1,BSBAMgmtAcctg,SBA,2022,4.0,730,263.0,184.0,172.0,629.0,141.0,0.0,75.0,2.0,19.604421270040838
453,2021,1,BSCE-CEM,SEA,2022,0.0,151,263.0,184.0,172.0,629.0,141.0,0.0,,,24.440403706428995
454,2021,1,BSCE-SE,SEA,2022,0.0,92,263.0,184.0,172.0,629.0,141.0,0.0,,,19.731531449262114
455,2021,1,BSCE-TE,SEA,2022,0.0,33,263.0,184.0,172.0,629.0,141.0,0.0,,,2.309401076732701
456,2021,1,BSCompsci,SOC,2022,77.0,236,263.0,184.0,172.0,629.0,141.0,0.0,161.0,50.0,0.0
457,2021,1,BSCulinary,SHTM,2022,1.0,6,263.0,184.0,172.0,629.0,141.0,0.0,8.0,1.0,44.455970727599976
458,2021,1,BSCybersecurity,SOC,4044,17.0,17,263.0,184.0,172.0,629.0,141.0,0.0,1.0,1.0,44.17012565071433
459,2021,1,BSED-RelValEd,SED,4044,3.0,17,263.0,184.0,172.0,629.0,141.0,0.0,14.0,2.0,40.06661120350994
460,2021,1,BSEMC-DA,SOC,4044,78.0,234,263.0,184.0,172.0,629.0,141.0,0.0,143.0,41.0,8.717797887074653
461,2021,1,BSHM-Accomm,SHTM,2022,18.0,95,263.0,184.0,172.0,629.0,141.0,0.0,76.0,9.0,39.87898360456582
462,2021,1,BSHM-Culinary,SHTM,2022,49.0,171,263.0,184.0,172.0,629.0,141.0,0.0,119.0,49.0,39.68626966596755
463,2021,1,BSHM-RestFood,SHTM,2022,27.0,78,263.0,184.0,172.0,629.0,141.0,0.0,57.0,28.0,30.005555041245895
464,2021,1,BSHRM,SHTM,2022,1.0,20,263.0,184.0,172.0,629.0,141.0,0.0,25.0,1.0,15.94783161853763
465,2021,1,BSITNetAdmin,SOC,2022,58.0,147,263.0,184.0,172.0,629.0,141.0,0.0,90.0,24.0,24.02776172125123
466,2021,1,BSITWebdev,SOC,2022,94.0,284,263.0,184.0,172.0,629.0,141.0,0.0,203.0,81.0,28.536526301097467
467,2021,1,BSIntAuditing,SBA,2022,0.0,39,263.0,184.0,172.0,629.0,141.0,0.0,2.0,0.0,46.8934963507724
468,2021,1,BSNEd,SED,2022,6.0,32,263.0,184.0,172.0,629.0,141.0,0.0,30.0,4.0,47.42713709821876
469,2021,1,BSNursing,SNAMS,2022,170.0,342,263.0,184.0,172.0,629.0,141.0,0.0,184.0,82.0,52.62445565830805
470,2021,1,BSPsychology,SAS,2022,125.0,478,263.0,184.0,172.0,629.0,141.0,0.0,366.0,120.0,96.46415569180732
471,2021,1,BSRadTech,SNAMS,2022,36.0,88,263.0,184.0,172.0,629.0,141.0,0.0,57.0,20.0,84.73684755366618
472,2021,1,BSTM-DestMgmt,SHTM,2022,5.0,49,263.0,184.0,172.0,629.0,141.0,0.0,46.0,3.0,68.19335255971264
473,2021,1,BSTM-Events,SHTM,4044,4.0,22,263.0,184.0,172.0,629.0,141.0,0.0,18.0,2.0,62.29232162420373
474,2021,1,BSTM-Travel,SHTM,2022,127.0,459,263.0,184.0,172.0,629.0,141.0,0.0,353.0,131.0,18.19340539865713
475,2021,1,BSTourism,SHTM,2022,1.0,8,263.0,184.0,172.0,629.0,141.0,0.0,10.0,1.0,70.72717535242896
476,2021,1,BusMgt,SBA,2022,167.0,632,263.0,184.0,172.0,629.0,141.0,0.0,470.0,150.0,71.89575787207407
477,2021,1,CE,SEA,2022,314.0,902,263.0,184.0,172.0,629.0,141.0,0.0,884.0,240.0,86.63332692060983
478,2021,1,Comp. Eng'g.,SEA,2022,78.0,190,263.0,184.0,172.0,629.0,141.0,0.0,122.0,51.0,156.59608339078372
479,2021,1,EE,SEA,2022,31.0,182,263.0,184.0,172.0,629.0,141.0,0.0,152.0,35.0,119.18193375395997
480,2021,1,ELECENG,SEA,2022,30.0,208,263.0,184.0,172.0,629.0,141.0,0.0,179.0,57.0,151.6542119428272
481,2021,1,English-BSED,SED,2022,11.0,87,263.0,184.0,172.0,629.0,141.0,0.0,72.0,28.0,27.428695436225954
482,2021,1,Fil-BSED,SED,2022,6.0,31,263.0,184.0,172.0,629.0,141.0,0.0,22.0,10.0,11.269427669580196
483,2021,1,IE,SEA,2022,12.0,102,263.0,184.0,172.0,629.0,141.0,0.0,94.0,29.0,12.662279942144291
484,2021,1,ME,SEA,2022,114.0,392,263.0,184.0,172.0,629.0,141.0,0.0,307.0,76.0,3.214550253647802
485,2021,1,Math,SED,2022,9.0,21,263.0,184.0,172.0,629.0,141.0,0.0,16.0,5.0,60.69596362197331
486,2021,1,Science-BSED,SED,2022,1.0,32,263.0,184.0,172.0,629.0,141.0,0.0,30.0,7.0,59.77457653551306
487,2021,1,SocialStud-BSED,SED,2022,5.0,39,263.0,184.0,172.0,629.0,141.0,0.0,39.0,3.0,63.058174199172946
488,2021,2,ABPsychology,SAS,2022,19.0,19,262.0,181.0,173.0,624.0,136.0,0.0,19.0,19.0,3.9999999999863576
489,2021,2,Accountancy,SBA,2022,422.0,1208,262.0,181.0,173.0,624.0,136.0,0.0,1329.0,455.0,9.45163125249952
490,2021,2,Architecture,SEA,2022,198.0,690,262.0,181.0,173.0,624.0,136.0,0.0,746.0,237.0,236.8170883473853
491,2021,2,BA Comm,SAS,2022,47.0,280,262.0,181.0,173.0,624.0,136.0,0.0,283.0,46.0,201.91830030980347
492,2021,2,BEEd,SED,2022,29.0,62,262.0,181.0,173.0,624.0,136.0,0.0,57.0,23.0,188.68050597063103
493,2021,2,BForensicSci,CCJEF,2022,19.0,93,262.0,181.0,173.0,624.0,136.0,0.0,96.0,22.0,92.8134329358271
494,2021,2,BPEd,SED,2022,0.0,22,262.0,181.0,173.0,624.0,136.0,0.0,29.0,6.0,14.189197769192265
495,2021,2,BS Criminology,CCJEF,4044,52.0,213,262.0,181.0,173.0,624.0,136.0,0.0,219.0,61.0,14.730919862653222
496,2021,2,BS MedTech,SNAMS,2022,33.0,95,262.0,181.0,173.0,624.0,136.0,0.0,131.0,54.0,26.31222782915289
497,2021,2,BSAeronautical,SEA,2022,314.0,1424,262.0,181.0,173.0,624.0,136.0,0.0,1464.0,346.0,26.31222782915292
498,2021,2,BSBA-FinMgmt,SBA,2022,28.0,91,262.0,181.0,173.0,624.0,136.0,0.0,101.0,32.0,157.03821191034987
499,2021,2,BSBA-HRMgmt,SBA,2022,11.0,35,262.0,181.0,173.0,624.0,136.0,0.0,51.0,13.0,163.6978924726887
500,2021,2,BSBA-MktgMgmt,SBA,2022,46.0,155,262.0,181.0,173.0,624.0,136.0,0.0,219.0,52.0,170.2419846375543
501,2021,2,BSBALegal,SBA,2022,32.0,52,262.0,181.0,173.0,624.0,136.0,0.0,54.0,36.0,17.50238079043064
502,2021,2,BSBAMgmtAcctg,SBA,2022,6.0,785,262.0,181.0,173.0,624.0,136.0,0.0,730.0,4.0,17.616280348962324
503,2021,2,BSCE-CEM,SEA,2022,0.0,149,262.0,181.0,173.0,624.0,136.0,0.0,151.0,0.0,20.297783130182022
504,2021,2,BSCE-SE,SEA,2022,0.0,92,262.0,181.0,173.0,624.0,136.0,0.0,92.0,0.0,17.009801096227672
505,2021,2,BSCE-TE,SEA,2022,0.0,33,262.0,181.0,173.0,624.0,136.0,0.0,33.0,0.0,3.4641016151218444
506,2021,2,BSCompsci,SOC,2022,69.0,227,262.0,181.0,173.0,624.0,136.0,0.0,236.0,77.0,0.0
507,2021,2,BSCulinary,SHTM,2022,1.0,6,262.0,181.0,173.0,624.0,136.0,0.0,6.0,1.0,39.83716857408292
508,2021,2,BSCybersecurity,SOC,4044,18.0,18,262.0,181.0,173.0,624.0,136.0,0.0,17.0,17.0,39.551653989855254
509,2021,2,BSED-RelValEd,SED,2022,7.0,20,262.0,181.0,173.0,624.0,136.0,0.0,17.0,3.0,35.388321990922876
510,2021,2,BSEMC-DA,SOC,4044,71.0,225,262.0,181.0,173.0,624.0,136.0,0.0,234.0,78.0,8.621678104245516
511,2021,2,BSHM-Accomm,SHTM,2022,16.0,95,262.0,181.0,173.0,624.0,136.0,0.0,95.0,18.0,34.21987726453594
512,2021,2,BSHM-Culinary,SHTM,2022,48.0,165,262.0,181.0,173.0,624.0,136.0,0.0,171.0,49.0,34.64582706955106
513,2021,2,BSHM-RestFood,SHTM,2022,28.0,78,262.0,181.0,173.0,624.0,136.0,0.0,78.0,27.0,27.62245463386463
514,2021,2,BSHRM,SHTM,2022,0.0,11,262.0,181.0,173.0,624.0,136.0,0.0,20.0,1.0,16.16580753730653
515,2021,2,BSITNetAdmin,SOC,2022,48.0,135,262.0,181.0,173.0,624.0,136.0,0.0,147.0,58.0,24.110855093364776
516,2021,2,BSITWebdev,SOC,2022,93.0,281,262.0,181.0,173.0,624.0,136.0,0.0,284.0,94.0,24.110855093364776
517,2021,2,BSIntAuditing,SBA,2022,0.0,40,262.0,181.0,173.0,624.0,136.0,0.0,39.0,0.0,46.508063816932975
518,2021,2,BSNEd,SED,2022,3.0,29,262.0,181.0,173.0,624.0,136.0,0.0,32.0,6.0,46.508063816932975
519,2021,2,BSNursing,SNAMS,2022,169.0,340,262.0,181.0,173.0,624.0,136.0,0.0,342.0,170.0,52.84884104689434
520,2021,2,BSPsychology,SAS,2022,114.0,461,262.0,181.0,173.0,624.0,136.0,0.0,478.0,125.0,96.71780256671079
521,2021,2,BSRadTech,SNAMS,2022,33.0,81,262.0,181.0,173.0,624.0,136.0,0.0,88.0,36.0,84.5596436447864
522,2021,2,BSTM-DestMgmt,SHTM,2022,6.0,49,262.0,181.0,173.0,624.0,136.0,0.0,49.0,5.0,68.41296173484429
523,2021,2,BSTM-Events,SHTM,2022,4.0,21,262.0,181.0,173.0,624.0,136.0,0.0,22.0,4.0,56.20498198558477
524,2021,2,BSTM-Travel,SHTM,2022,127.0,463,262.0,181.0,173.0,624.0,136.0,0.0,459.0,127.0,16.196707484338457
525,2021,2,BSTourism,SHTM,2022,0.0,3,262.0,181.0,173.0,624.0,136.0,0.0,8.0,1.0,70.44383105235859
526,2021,2,BusMgt,SBA,2022,155.0,484,262.0,181.0,173.0,624.0,136.0,0.0,632.0,167.0,72.19649114280581
527,2021,2,CE,SEA,2022,300.0,874,262.0,181.0,173.0,624.0,136.0,0.0,902.0,314.0,82.6014527717275
528,2021,2,Comp. Eng'g.,SEA,2022,76.0,184,262.0,181.0,173.0,624.0,136.0,0.0,190.0,78.0,150.02777520623735
529,2021,2,EE,SEA,2022,31.0,183,262.0,181.0,173.0,624.0,136.0,0.0,182.0,31.0,113.60897851842506
530,2021,2,ELECENG,SEA,2022,24.0,199,262.0,181.0,173.0,624.0,136.0,0.0,208.0,30.0,144.08446596817188
531,2021,2,English-BSED,SED,2022,12.0,87,262.0,181.0,173.0,624.0,136.0,0.0,87.0,11.0,28.219378684394197
532,2021,2,Fil-BSED,SED,2022,3.0,28,262.0,181.0,173.0,624.0,136.0,0.0,31.0,6.0,9.609023536927776
533,2021,2,IE,SEA,2022,7.0,96,262.0,181.0,173.0,624.0,136.0,0.0,102.0,12.0,10.535653752847727
534,2021,2,ME,SEA,2022,91.0,366,262.0,181.0,173.0,624.0,136.0,0.0,392.0,114.0,4.509249752810896
535,2021,2,Math,SED,2022,9.0,20,262.0,181.0,173.0,624.0,136.0,0.0,21.0,9.0,49.692387076223625
536,2021,2,Science-BSED,SED,2022,1.0,33,262.0,181.0,173.0,624.0,136.0,0.0,32.0,1.0,47.930505248048846
537,2021,2,SocialStud-BSED,SED,2022,3.0,37,262.0,181.0,173.0,624.0,136.0,0.0,39.0,5.0,49.812983581926076
538,2022,1,ABPsychology,SAS,2023,41.0,60,255.0,96.0,170.0,732.0,94.0,80.0,19.0,19.0,4.163331998919122
539,2022,1,Accountancy,SBA,2023,422.0,1423,255.0,96.0,170.0,732.0,94.0,80.0,1208.0,422.0,22.538855339166968
540,2022,1,Architecture,SEA,2023,202.0,854,255.0,96.0,170.0,732.0,94.0,80.0,690.0,198.0,231.72037746675042
541,2022,1,BA Comm,SAS,2023,46.0,257,255.0,96.0,170.0,732.0,94.0,80.0,280.0,47.0,191.25985813372688
542,2022,1,BEEd,SED,2023,17.0,67,255.0,96.0,170.0,732.0,94.0,80.0,62.0,29.0,188.90562017402587
543,2022,1,BForensicSci,CCJEF,2023,40.0,127,255.0,96.0,170.0,732.0,94.0,80.0,93.0,19.0,99.5004187595875
544,2022,1,BPEd,SED,2023,3.0,12,255.0,96.0,170.0,732.0,94.0,80.0,22.0,0.0,15.307950004270682
545,2022,1,BS Criminology,CCJEF,4046,80.0,245,255.0,96.0,170.0,732.0,94.0,80.0,213.0,52.0,18.681541692267043
546,2022,1,BS MedTech,SNAMS,2023,100.0,169,255.0,96.0,170.0,732.0,94.0,80.0,95.0,33.0,38.50973902793837
547,2022,1,BSAeronautical,SEA,2023,318.0,1399,255.0,96.0,170.0,732.0,94.0,80.0,1424.0,314.0,51.21523210920681
548,2022,1,BSBA-FinMgmt,SBA,2023,37.0,128,255.0,96.0,170.0,732.0,94.0,80.0,91.0,28.0,132.01515064567388
549,2022,1,BSBA-HRMgmt,SBA,2023,7.0,41,255.0,96.0,170.0,732.0,94.0,80.0,35.0,11.0,147.45281731229585
550,2022,1,BSBA-MktgMgmt,SBA,2023,62.0,217,255.0,96.0,170.0,732.0,94.0,80.0,155.0,46.0,171.55271298738845
551,2022,1,BSBALegal,SBA,2023,37.0,90,255.0,96.0,170.0,732.0,94.0,80.0,52.0,32.0,27.537852736429013
552,2022,1,BSBAMgmtAcctg,SBA,2023,19.0,377,255.0,96.0,170.0,732.0,94.0,80.0,785.0,6.0,27.537852736429013
553,2022,1,BSCE-CEM,SEA,2023,0.0,178,255.0,96.0,170.0,732.0,94.0,80.0,149.0,0.0,21.59475244899215
554,2022,1,BSCE-SE,SEA,2023,0.0,122,255.0,96.0,170.0,732.0,94.0,80.0,92.0,0.0,18.50225211516816
555,2022,1,BSCE-TE,SEA,2023,0.0,57,255.0,96.0,170.0,732.0,94.0,80.0,33.0,0.0,10.969655114598645
556,2022,1,BSCompsci,SOC,2023,109.0,281,255.0,96.0,170.0,732.0,94.0,80.0,227.0,69.0,0.0
557,2022,1,BSCulinary,SHTM,2023,0.0,3,255.0,96.0,170.0,732.0,94.0,80.0,6.0,1.0,62.93117934166856
558,2022,1,BSCybersecurity,SOC,4046,29.0,52,255.0,96.0,170.0,732.0,94.0,80.0,18.0,18.0,62.93117934166856
559,2022,1,BSED-RelValEd,SED,2023,3.0,15,255.0,96.0,170.0,732.0,94.0,80.0,20.0,7.0,56.453520705089076
560,2022,1,BSEMC-DA,SOC,4046,73.0,252,255.0,96.0,170.0,732.0,94.0,80.0,225.0,71.0,15.947831618538048
561,2022,1,BSHM-Accomm,SHTM,2023,10.0,75,255.0,96.0,170.0,732.0,94.0,80.0,95.0,16.0,35.383612025907105
562,2022,1,BSHM-Culinary,SHTM,2023,93.0,234,255.0,96.0,170.0,732.0,94.0,80.0,165.0,48.0,38.552993831001615
563,2022,1,BSHM-RestFood,SHTM,2023,36.0,98,255.0,96.0,170.0,732.0,94.0,80.0,78.0,28.0,43.31666346030428
564,2022,1,BSHRM,SHTM,2023,0.0,8,255.0,96.0,170.0,732.0,94.0,80.0,11.0,0.0,42.45389656242705
565,2022,1,BSITNetAdmin,SOC,2023,46.0,140,255.0,96.0,170.0,732.0,94.0,80.0,135.0,48.0,46.89349635077257
566,2022,1,BSITWebdev,SOC,2023,102.0,332,255.0,96.0,170.0,732.0,94.0,80.0,281.0,93.0,24.193663082163635
567,2022,1,BSIntAuditing,SBA,2023,1.0,22,255.0,96.0,170.0,732.0,94.0,80.0,40.0,0.0,51.08163401197397
568,2022,1,BSInterGastro,SHTM,2023,3.0,3,255.0,96.0,170.0,732.0,94.0,80.0,,,50.59973649470179
569,2022,1,BSNEd,SED,2023,6.0,20,255.0,96.0,170.0,732.0,94.0,80.0,29.0,3.0,57.74368652357806
570,2022,1,BSNursing,SNAMS,2023,198.0,477,255.0,96.0,170.0,732.0,94.0,80.0,340.0,169.0,2.5166114784049753
571,2022,1,BSPsychology,SAS,2023,98.0,465,255.0,96.0,170.0,732.0,94.0,80.0,461.0,114.0,111.72734669721612
572,2022,1,BSRadTech,SNAMS,2023,28.0,93,255.0,96.0,170.0,732.0,94.0,80.0,81.0,33.0,96.02777376016415
573,2022,1,BSTM-DestMgmt,SHTM,2023,11.0,20,255.0,96.0,170.0,732.0,94.0,80.0,49.0,6.0,85.44003745317497
574,2022,1,BSTM-Events,SHTM,2023,5.0,14,255.0,96.0,170.0,732.0,94.0,80.0,21.0,4.0,46.112182049142426
575,2022,1,BSTM-Travel,SHTM,2023,121.0,505,255.0,96.0,170.0,732.0,94.0,80.0,463.0,127.0,11.930353445445052
576,2022,1,BSTourism,SHTM,2023,0.0,3,255.0,96.0,170.0,732.0,94.0,80.0,3.0,0.0,65.30951946947131
577,2022,1,BusMgt,SBA,2023,163.0,614,255.0,96.0,170.0,732.0,94.0,80.0,484.0,155.0,68.46166810705037
578,2022,1,CE,SEA,2023,285.0,822,255.0,96.0,170.0,732.0,94.0,80.0,874.0,300.0,84.63056973300647
579,2022,1,Comp. Eng'g.,SEA,2023,94.0,243,255.0,96.0,170.0,732.0,94.0,80.0,184.0,76.0,142.99067568667996
580,2022,1,EE,SEA,2023,42.0,171,255.0,96.0,170.0,732.0,94.0,80.0,183.0,31.0,96.71780256671107
581,2022,1,ELECENG,SEA,2023,40.0,182,255.0,96.0,170.0,732.0,94.0,80.0,199.0,24.0,127.95441896758896
582,2022,1,English-BSED,SED,2023,25.0,92,255.0,96.0,170.0,732.0,94.0,80.0,87.0,12.0,30.615900008545612
583,2022,1,Fil-BSED,SED,2023,7.0,20,255.0,96.0,170.0,732.0,94.0,80.0,28.0,3.0,9.291573243173412
584,2022,1,IE,SEA,2023,35.0,109,255.0,96.0,170.0,732.0,94.0,80.0,96.0,7.0,16.522711641855857
585,2022,1,ME,SEA,2023,91.0,361,255.0,96.0,170.0,732.0,94.0,80.0,366.0,91.0,14.189197769192305
586,2022,1,Math,SED,2023,3.0,12,255.0,96.0,170.0,732.0,94.0,80.0,20.0,9.0,42.77070648625364
587,2022,1,Science-BSED,SED,2023,6.0,29,255.0,96.0,170.0,732.0,94.0,80.0,33.0,1.0,44.54211490263934
588,2022,1,SocialStud-BSED,SED,2023,5.0,23,255.0,96.0,170.0,732.0,94.0,80.0,37.0,3.0,49.96331987901981
589,2022,2,ABPsychology,SAS,2023,33.0,53,255.0,98.0,169.0,727.0,93.0,80.0,60.0,41.0,1.5275252316238297
590,2022,2,Accountancy,SBA,2023,392.0,1372,255.0,98.0,169.0,727.0,93.0,80.0,1423.0,422.0,15.885003409922527
591,2022,2,Architecture,SEA,2023,183.0,835,255.0,98.0,169.0,727.0,93.0,80.0,854.0,202.0,215.806240255775
592,2022,2,BA Comm,SAS,4046,49.0,259,255.0,98.0,169.0,727.0,93.0,80.0,257.0,46.0,180.30622100563616
593,2022,2,BEEd,SED,2023,15.0,64,255.0,98.0,169.0,727.0,93.0,80.0,67.0,17.0,172.8612160086813
594,2022,2,BForensicSci,CCJEF,2023,36.0,125,255.0,98.0,169.0,727.0,93.0,80.0,127.0,40.0,88.82191921667349
595,2022,2,BPEd,SED,2023,3.0,10,255.0,98.0,169.0,727.0,93.0,80.0,12.0,3.0,17.156145643274762
596,2022,2,BS Criminology,CCJEF,2023,73.0,238,255.0,98.0,169.0,727.0,93.0,80.0,245.0,80.0,16.703293088487595
597,2022,2,BS MedTech,SNAMS,2023,85.0,150,255.0,98.0,169.0,727.0,93.0,80.0,169.0,100.0,35.01904243883971
598,2022,2,BSAeronautical,SEA,2023,302.0,1356,255.0,98.0,169.0,727.0,93.0,80.0,1399.0,318.0,44.286943147312186
599,2022,2,BSBA-FinMgmt,SBA,2023,33.0,89,255.0,98.0,169.0,727.0,93.0,80.0,128.0,37.0,128.88884099615953
600,2022,2,BSBA-HRMgmt,SBA,2023,9.0,29,255.0,98.0,169.0,727.0,93.0,80.0,41.0,7.0,142.68496767354281
601,2022,2,BSBA-MktgMgmt,SBA,2023,59.0,167,255.0,98.0,169.0,727.0,93.0,80.0,217.0,62.0,162.67861977940825
602,2022,2,BSBALegal,SBA,2023,31.0,80,255.0,98.0,169.0,727.0,93.0,80.0,90.0,37.0,25.006665778013158
603,2022,2,BSBAMgmtAcctg,SBA,2023,16.0,373,255.0,98.0,169.0,727.0,93.0,80.0,377.0,19.0,25.059928172281754
604,2022,2,BSCE-CEM,SEA,2023,0.0,171,255.0,98.0,169.0,727.0,93.0,80.0,178.0,0.0,21.825062046492672
605,2022,2,BSCE-SE,SEA,2023,0.0,119,255.0,98.0,169.0,727.0,93.0,80.0,122.0,0.0,15.50268793897521
606,2022,2,BSCE-TE,SEA,2023,0.0,50,255.0,98.0,169.0,727.0,93.0,80.0,57.0,0.0,9.237604307029152
607,2022,2,BSCompsci,SOC,2023,101.0,270,255.0,98.0,169.0,727.0,93.0,80.0,281.0,109.0,0.0
608,2022,2,BSCulinary,SHTM,2023,0.0,1,255.0,98.0,169.0,727.0,93.0,80.0,3.0,0.0,58.31237718815152
609,2022,2,BSCybersecurity,SOC,4046,28.0,50,255.0,98.0,169.0,727.0,93.0,80.0,52.0,29.0,58.31237718815152
610,2022,2,BSED-RelValEd,SED,2023,3.0,13,255.0,98.0,169.0,727.0,93.0,80.0,15.0,3.0,52.144031297934035
611,2022,2,BSEMC-DA,SOC,2023,64.0,235,255.0,98.0,169.0,727.0,93.0,80.0,252.0,73.0,15.373136743464038
612,2022,2,BSHM-Accomm,SHTM,2023,9.0,72,255.0,98.0,169.0,727.0,93.0,80.0,75.0,10.0,30.664855018950483
613,2022,2,BSHM-Culinary,SHTM,2023,94.0,233,255.0,98.0,169.0,727.0,93.0,80.0,234.0,93.0,33.62043029667006
614,2022,2,BSHM-RestFood,SHTM,2023,32.0,92,255.0,98.0,169.0,727.0,93.0,80.0,98.0,36.0,43.108390521257725
615,2022,2,BSHRM,SHTM,2023,1.0,7,255.0,98.0,169.0,727.0,93.0,80.0,8.0,0.0,43.96589587396036
616,2022,2,BSITNetAdmin,SOC,2023,41.0,129,255.0,98.0,169.0,727.0,93.0,80.0,140.0,46.0,47.35328218120954
617,2022,2,BSITWebdev,SOC,2023,90.0,314,255.0,98.0,169.0,727.0,93.0,80.0,332.0,102.0,20.984120980714213
618,2022,2,BSIntAuditing,SBA,2023,1.0,22,255.0,98.0,169.0,727.0,93.0,80.0,22.0,1.0,44.575778176044494
619,2022,2,BSInterGastro,SHTM,2023,2.0,2,255.0,98.0,169.0,727.0,93.0,80.0,3.0,3.0,44.575778176044494
620,2022,2,BSNEd,SED,2023,5.0,18,255.0,98.0,169.0,727.0,93.0,80.0,20.0,6.0,51.09794516416409
621,2022,2,BSNursing,SNAMS,2023,185.0,457,255.0,98.0,169.0,727.0,93.0,80.0,477.0,198.0,2.0816659994442857
622,2022,2,BSPsychology,SAS,2023,80.0,441,255.0,98.0,169.0,727.0,93.0,80.0,465.0,98.0,104.79980916013126
623,2022,2,BSRadTech,SNAMS,2023,27.0,89,255.0,98.0,169.0,727.0,93.0,80.0,93.0,28.0,90.4157066001253
624,2022,2,BSTM-DestMgmt,SHTM,2023,6.0,12,255.0,98.0,169.0,727.0,93.0,80.0,20.0,11.0,80.4135146187087
625,2022,2,BSTM-Events,SHTM,2023,5.0,13,255.0,98.0,169.0,727.0,93.0,80.0,14.0,5.0,38.135722535875146
626,2022,2,BSTM-Travel,SHTM,2023,118.0,499,255.0,98.0,169.0,727.0,93.0,80.0,505.0,121.0,12.423096769052611
627,2022,2,BSTourism,SHTM,2023,0.0,2,255.0,98.0,169.0,727.0,93.0,80.0,3.0,0.0,64.95382975621933
628,2022,2,BusMgt,SBA,2023,152.0,479,255.0,98.0,169.0,727.0,93.0,80.0,614.0,163.0,66.73080248281092
629,2022,2,CE,SEA,2023,262.0,787,255.0,98.0,169.0,727.0,93.0,80.0,822.0,285.0,79.77468270071616
630,2022,2,Comp. Eng'g.,SEA,2023,85.0,232,255.0,98.0,169.0,727.0,93.0,80.0,243.0,94.0,131.55987230154932
631,2022,2,EE,SEA,2023,39.0,158,255.0,98.0,169.0,727.0,93.0,80.0,171.0,42.0,89.36628745412506
632,2022,2,ELECENG,SEA,4046,38.0,176,255.0,98.0,169.0,727.0,93.0,80.0,182.0,40.0,117.73841061154721
633,2022,2,English-BSED,SED,2023,21.0,88,255.0,98.0,169.0,727.0,93.0,80.0,92.0,25.0,26.851443164193714
634,2022,2,Fil-BSED,SED,2023,7.0,21,255.0,98.0,169.0,727.0,93.0,80.0,20.0,7.0,10.115993936991513
635,2022,2,IE,SEA,2023,33.0,106,255.0,98.0,169.0,727.0,93.0,80.0,109.0,35.0,15.524174696257154
636,2022,2,ME,SEA,2023,84.0,347,255.0,98.0,169.0,727.0,93.0,80.0,361.0,91.0,13.01281419729197
637,2022,2,Math,SED,2023,4.0,12,255.0,98.0,169.0,727.0,93.0,80.0,12.0,3.0,39.170567181664005
638,2022,2,Science-BSED,SED,2023,5.0,27,255.0,98.0,169.0,727.0,93.0,80.0,29.0,6.0,40.501028793516504
639,2022,2,SocialStud-BSED,SED,2023,4.0,22,255.0,98.0,169.0,727.0,93.0,80.0,23.0,5.0,45.902069670113086
640,2023,1,ABPsychology,SAS,2024,39.0,90,286.0,56.0,147.0,710.0,75.0,72.0,53.0,33.0,0.5773502691060707
641,2023,1,Accountancy,SBA,2024,343.0,1079,286.0,56.0,147.0,710.0,75.0,72.0,1372.0,392.0,19.924858845168984
642,2023,1,Architecture,SEA,2024,163.0,818,286.0,56.0,147.0,710.0,75.0,72.0,835.0,183.0,186.44123292161873
643,2023,1,BA Comm,SAS,2024,74.0,242,286.0,56.0,147.0,710.0,75.0,72.0,259.0,49.0,152.85723186468252
644,2023,1,BEEd,SED,2024,11.0,74,286.0,56.0,147.0,710.0,75.0,72.0,64.0,15.0,137.04135628828735
645,2023,1,BForensicSci,CCJEF,2024,58.0,139,286.0,56.0,147.0,710.0,75.0,72.0,125.0,36.0,76.3697147652999
646,2023,1,BPEd,SED,2024,2.0,3,286.0,56.0,147.0,710.0,75.0,72.0,10.0,3.0,32.746501085356435
647,2023,1,BS Criminology,CCJEF,2024,49.0,221,286.0,56.0,147.0,710.0,75.0,72.0,238.0,73.0,30.07213549672253
648,2023,1,BS MedTech,SNAMS,2024,87.0,191,286.0,56.0,147.0,710.0,75.0,72.0,150.0,85.0,30.07213549672263
649,2023,1,BSAeronautical,SEA,2024,266.0,1231,286.0,56.0,147.0,710.0,75.0,72.0,1356.0,302.0,42.579337712086556
650,2023,1,BSBA-FinMgmt,SBA,2024,23.0,107,286.0,56.0,147.0,710.0,75.0,72.0,89.0,33.0,115.88356225108011
651,2023,1,BSBA-HRMgmt,SBA,2024,12.0,41,286.0,56.0,147.0,710.0,75.0,72.0,29.0,9.0,125.95369519523152
652,2023,1,BSBA-MktgMgmt,SBA,2024,82.0,244,286.0,56.0,147.0,710.0,75.0,72.0,167.0,59.0,143.57692479410915
653,2023,1,BSBALegal,SBA,2024,32.0,109,286.0,56.0,147.0,710.0,75.0,72.0,80.0,31.0,37.643060449436305
654,2023,1,BSBAMgmtAcctg,SBA,2024,58.0,496,286.0,56.0,147.0,710.0,75.0,72.0,373.0,16.0,36.05551275463875
655,2023,1,BSCE-CEM,SEA,2024,0.0,119,286.0,56.0,147.0,710.0,75.0,72.0,171.0,0.0,25.006665778013225
656,2023,1,BSCE-SE,SEA,2024,0.0,70,286.0,56.0,147.0,710.0,75.0,72.0,119.0,0.0,29.051678092666386
657,2023,1,BSCE-TE,SEA,2024,1.0,50,286.0,56.0,147.0,710.0,75.0,72.0,50.0,0.0,33.48631561299691
658,2023,1,BSCompsci,SOC,2024,166.0,382,286.0,56.0,147.0,710.0,75.0,72.0,270.0,101.0,0.5773502691021274
659,2023,1,BSCulinary,SHTM,2024,1.0,2,286.0,56.0,147.0,710.0,75.0,72.0,1.0,0.0,95.55277773740153
660,2023,1,BSCybersecurity,SOC,4048,25.0,73,286.0,56.0,147.0,710.0,75.0,72.0,50.0,28.0,95.26279441628785
661,2023,1,BSED-RelValEd,SED,2024,0.0,9,286.0,56.0,147.0,710.0,75.0,72.0,13.0,3.0,89.14594774862135
662,2023,1,BSEMC-DA,SOC,2024,91.0,276,286.0,56.0,147.0,710.0,75.0,72.0,235.0,64.0,14.153915830371325
663,2023,1,BSHM-Accomm,SHTM,2024,12.0,59,286.0,56.0,147.0,710.0,75.0,72.0,72.0,9.0,47.01418225741301
664,2023,1,BSHM-Culinary,SHTM,2024,62.0,234,286.0,56.0,147.0,710.0,75.0,72.0,233.0,94.0,49.44019956809688
665,2023,1,BSHM-RestFood,SHTM,2024,33.0,104,286.0,56.0,147.0,710.0,75.0,72.0,92.0,32.0,39.9624824053752
666,2023,1,BSHRM,SHTM,2024,1.0,2,286.0,56.0,147.0,710.0,75.0,72.0,7.0,1.0,25.106440076865677
667,2023,1,BSITNetAdmin,SOC,2024,45.0,133,286.0,56.0,147.0,710.0,75.0,72.0,129.0,41.0,30.512292604783276
668,2023,1,BSITWebdev,SOC,2024,145.0,399,286.0,56.0,147.0,710.0,75.0,72.0,314.0,90.0,22.744962812307328
669,2023,1,BSIntAuditing,SBA,2024,2.0,5,286.0,56.0,147.0,710.0,75.0,72.0,22.0,1.0,73.79250187744863
670,2023,1,BSInterGastro,SHTM,2024,24.0,27,286.0,56.0,147.0,710.0,75.0,72.0,2.0,2.0,73.36893075410003
671,2023,1,BSNEd,SED,2024,2.0,22,286.0,56.0,147.0,710.0,75.0,72.0,18.0,5.0,76.9999999999995
672,2023,1,BSNursing,SNAMS,2024,83.0,465,286.0,56.0,147.0,710.0,75.0,72.0,457.0,185.0,12.701705922167989
673,2023,1,BSPsychology,SAS,2024,87.0,400,286.0,56.0,147.0,710.0,75.0,72.0,441.0,80.0,41.884762543593915
674,2023,1,BSRadTech,SNAMS,2024,27.0,88,286.0,56.0,147.0,710.0,75.0,72.0,89.0,27.0,47.96179034745529
675,2023,1,BSTM-DestMgmt,SHTM,2024,4.0,14,286.0,56.0,147.0,710.0,75.0,72.0,12.0,6.0,33.54598833442322
676,2023,1,BSTM-Events,SHTM,2024,1.0,7,286.0,56.0,147.0,710.0,75.0,72.0,13.0,5.0,42.852460061625976
677,2023,1,BSTM-Travel,SHTM,2024,150.0,505,286.0,56.0,147.0,710.0,75.0,72.0,499.0,118.0,14.224392195564606
678,2023,1,BSTourism,SHTM,2024,0.0,1,286.0,56.0,147.0,710.0,75.0,72.0,2.0,0.0,85.17237423797258
679,2023,1,BusMgt,SBA,2024,122.0,557,286.0,56.0,147.0,710.0,75.0,72.0,479.0,152.0,86.31531343471593
680,2023,1,CE,SEA,2024,179.0,738,286.0,56.0,147.0,710.0,75.0,72.0,787.0,262.0,79.75796720913382
681,2023,1,Comp. Eng'g.,SEA,2024,103.0,290,286.0,56.0,147.0,710.0,75.0,72.0,232.0,85.0,91.44579450873216
682,2023,1,EE,SEA,2024,22.0,123,286.0,56.0,147.0,710.0,75.0,72.0,158.0,39.0,39.551653989855865
683,2023,1,ELECENG,SEA,2024,22.0,143,286.0,56.0,147.0,710.0,75.0,72.0,176.0,38.0,78.51326851770514
684,2023,1,English-BSED,SED,2024,20.0,82,286.0,56.0,147.0,710.0,75.0,72.0,88.0,21.0,46.76537180435883
685,2023,1,Fil-BSED,SED,2024,0.0,11,286.0,56.0,147.0,710.0,75.0,72.0,21.0,7.0,1.154700538340761
686,2023,1,IE,SEA,2024,80.0,154,286.0,56.0,147.0,710.0,75.0,72.0,106.0,33.0,12.165525060592687
687,2023,1,ME,SEA,2024,81.0,318,286.0,56.0,147.0,710.0,75.0,72.0,347.0,84.0,41.633319989321635
688,2023,1,Math,SED,2024,1.0,8,286.0,56.0,147.0,710.0,75.0,72.0,12.0,4.0,46.479386111837314
689,2023,1,Science-BSED,SED,2024,3.0,12,286.0,56.0,147.0,710.0,75.0,72.0,27.0,5.0,45.902069670113164
690,2023,1,SocialStud-BSED,SED,2024,5.0,8,286.0,56.0,147.0,710.0,75.0,72.0,22.0,4.0,45.621632295800715
691,2023,2,ABPsychology,SAS,2024,25.0,78,283.0,53.0,141.0,711.0,72.0,70.0,90.0,39.0,1.9999999999763227
692,2023,2,Accountancy,SBA,2024,326.0,1137,283.0,53.0,141.0,711.0,72.0,70.0,1079.0,343.0,12.165525060592655
693,2023,2,Architecture,SEA,2024,126.0,782,283.0,53.0,141.0,711.0,72.0,70.0,818.0,163.0,179.83418288338086
694,2023,2,BA Comm,SAS,2024,70.0,237,283.0,53.0,141.0,711.0,72.0,70.0,242.0,74.0,153.18942522250012
695,2023,2,BEEd,SED,2024,10.0,74,283.0,53.0,141.0,711.0,72.0,70.0,74.0,11.0,134.58083073008564
696,2023,2,BForensicSci,CCJEF,2024,58.0,134,283.0,53.0,141.0,711.0,72.0,70.0,139.0,58.0,58.0114931141516
697,2023,2,BPEd,SED,2024,2.0,3,283.0,53.0,141.0,711.0,72.0,70.0,3.0,2.0,31.749015732773778
698,2023,2,BS Criminology,CCJEF,2024,39.0,212,283.0,53.0,141.0,711.0,72.0,70.0,221.0,49.0,30.28751117759997
699,2023,2,BS MedTech,SNAMS,2024,74.0,156,283.0,53.0,141.0,711.0,72.0,70.0,191.0,87.0,28.478061731794757
700,2023,2,BSAeronautical,SEA,2024,244.0,1162,283.0,53.0,141.0,711.0,72.0,70.0,1231.0,266.0,36.00462933197963
701,2023,2,BSBA-FinMgmt,SBA,2024,21.0,77,283.0,53.0,141.0,711.0,72.0,70.0,107.0,23.0,109.65856099730627
702,2023,2,BSBA-HRMgmt,SBA,2024,11.0,31,283.0,53.0,141.0,711.0,72.0,70.0,41.0,12.0,116.5032188396524
703,2023,2,BSBA-MktgMgmt,SBA,2024,77.0,200,283.0,53.0,141.0,711.0,72.0,70.0,244.0,82.0,131.7307860752373
704,2023,2,BSBALegal,SBA,2024,30.0,91,283.0,53.0,141.0,711.0,72.0,70.0,109.0,32.0,35.5715241918765
705,2023,2,BSBAMgmtAcctg,SBA,2024,56.0,119,283.0,53.0,141.0,711.0,72.0,70.0,496.0,58.0,33.97548135543124
706,2023,2,BSCE-CEM,SEA,2024,0.0,116,283.0,53.0,141.0,711.0,72.0,70.0,119.0,0.0,23.54428451521218
707,2023,2,BSCE-SE,SEA,2024,0.0,67,283.0,53.0,141.0,711.0,72.0,70.0,70.0,0.0,28.023799409310172
708,2023,2,BSCE-TE,SEA,2024,0.0,52,283.0,53.0,141.0,711.0,72.0,70.0,50.0,1.0,32.331615074617766
709,2023,2,BSCompsci,SOC,2024,158.0,361,283.0,53.0,141.0,711.0,72.0,70.0,382.0,166.0,0.0
710,2023,2,BSCulinary,SHTM,2024,1.0,2,283.0,53.0,141.0,711.0,72.0,70.0,2.0,1.0,91.22134253196046
711,2023,2,BSCybersecurity,SOC,4048,29.0,75,283.0,53.0,141.0,711.0,72.0,70.0,73.0,25.0,90.93404203047353
712,2023,2,BSED-RelValEd,SED,2024,0.0,9,283.0,53.0,141.0,711.0,72.0,70.0,9.0,0.0,83.7396759805844
713,2023,2,BSEMC-DA,SOC,2024,93.0,273,283.0,53.0,141.0,711.0,72.0,70.0,276.0,91.0,16.462077633151775
714,2023,2,BSHM-Accomm,SHTM,2024,10.0,52,283.0,53.0,141.0,711.0,72.0,70.0,59.0,12.0,47.58501164582454
715,2023,2,BSHM-Culinary,SHTM,2024,58.0,234,283.0,53.0,141.0,711.0,72.0,70.0,234.0,62.0,51.05226080530866
716,2023,2,BSHM-RestFood,SHTM,2024,28.0,97,283.0,53.0,141.0,711.0,72.0,70.0,104.0,33.0,41.669333248004584
717,2023,2,BSHRM,SHTM,2024,0.0,2,283.0,53.0,141.0,711.0,72.0,70.0,2.0,1.0,24.24871130596266
718,2023,2,BSITNetAdmin,SOC,2024,26.0,109,283.0,53.0,141.0,711.0,72.0,70.0,133.0,45.0,29.00574655707475
719,2023,2,BSITWebdev,SOC,2024,152.0,407,283.0,53.0,141.0,711.0,72.0,70.0,399.0,145.0,15.620499351810672
720,2023,2,BSIntAuditing,SBA,2024,2.0,4,283.0,53.0,141.0,711.0,72.0,70.0,5.0,2.0,81.29780644847229
721,2023,2,BSInterGastro,SHTM,2024,22.0,22,283.0,53.0,141.0,711.0,72.0,70.0,27.0,24.0,80.5729483139343
722,2023,2,BSNEd,SED,2024,1.0,21,283.0,53.0,141.0,711.0,72.0,70.0,22.0,2.0,81.44527815247034
723,2023,2,BSNursing,SNAMS,2024,75.0,443,283.0,53.0,141.0,711.0,72.0,70.0,465.0,83.0,11.846237095940921
724,2023,2,BSPsychology,SAS,2024,92.0,411,283.0,53.0,141.0,711.0,72.0,70.0,400.0,87.0,38.135722535875125
725,2023,2,BSRadTech,SNAMS,2024,25.0,84,283.0,53.0,141.0,711.0,72.0,70.0,88.0,27.0,48.383881613611024
726,2023,2,BSTM-DestMgmt,SHTM,2024,4.0,10,283.0,53.0,141.0,711.0,72.0,70.0,14.0,4.0,34.82814953453499
727,2023,2,BSTM-Events,SHTM,2024,0.0,3,283.0,53.0,141.0,711.0,72.0,70.0,7.0,1.0,45.96012764705137
728,2023,2,BSTM-Travel,SHTM,2024,143.0,488,283.0,53.0,141.0,711.0,72.0,70.0,505.0,150.0,13.428824718985876
729,2023,2,BSTourism,SHTM,2024,0.0,1,283.0,53.0,141.0,711.0,72.0,70.0,1.0,0.0,81.4309523461437
730,2023,2,BusMgt,SBA,4048,116.0,426,283.0,53.0,141.0,711.0,72.0,70.0,557.0,122.0,82.56108849411604
731,2023,2,CE,SEA,2024,166.0,705,283.0,53.0,141.0,711.0,72.0,70.0,738.0,179.0,75.97587336341235
732,2023,2,Comp. Eng'g.,SEA,2024,92.0,266,283.0,53.0,141.0,711.0,72.0,70.0,290.0,103.0,85.15867542417472
733,2023,2,EE,SEA,2024,21.0,118,283.0,53.0,141.0,711.0,72.0,70.0,123.0,22.0,37.75358702604666
734,2023,2,ELECENG,SEA,2024,19.0,137,283.0,53.0,141.0,711.0,72.0,70.0,143.0,22.0,72.50517222929642
735,2023,2,English-BSED,SED,2024,15.0,77,283.0,53.0,141.0,711.0,72.0,70.0,82.0,20.0,41.581245772582676
736,2023,2,Fil-BSED,SED,2024,0.0,11,283.0,53.0,141.0,711.0,72.0,70.0,11.0,0.0,3.055050463290464
737,2023,2,IE,SEA,2024,64.0,146,283.0,53.0,141.0,711.0,72.0,70.0,154.0,80.0,10.016652800873628
738,2023,2,ME,SEA,2024,72.0,309,283.0,53.0,141.0,711.0,72.0,70.0,318.0,81.0,33.47138081007793
739,2023,2,Math,SED,2024,1.0,8,283.0,53.0,141.0,711.0,72.0,70.0,8.0,1.0,39.46306289852903
740,2023,2,Science-BSED,SED,2024,2.0,11,283.0,53.0,141.0,711.0,72.0,70.0,12.0,3.0,38.88873015840525
741,2023,2,SocialStud-BSED,SED,2024,5.0,6,283.0,53.0,141.0,711.0,72.0,70.0,8.0,5.0,40.706264874094245
742,2024,1,ABPsychology,SAS,2025,42.0,101,263.0,32.0,176.0,779.0,64.0,102.0,78.0,25.0,2.081665999445184
743,2024,1,Accountancy,SBA,2025,353.0,1458,263.0,32.0,176.0,779.0,64.0,102.0,1137.0,326.0,22.278539748674056
744,2024,1,Architecture,SEA,2025,153.0,755,263.0,32.0,176.0,779.0,64.0,102.0,782.0,126.0,191.1343332144523
745,2024,1,BA Comm,SAS,2025,53.0,221,263.0,32.0,176.0,779.0,64.0,102.0,237.0,70.0,157.60816391714388
746,2024,1,BEEd,SED,2025,9.0,71,263.0,32.0,176.0,779.0,64.0,102.0,74.0,10.0,152.75252316519456
747,2024,1,BForensicSci,CCJEF,2025,41.0,146,263.0,32.0,176.0,779.0,64.0,102.0,134.0,58.0,73.7925018774486
748,2024,1,BPEd,SED,2025,8.0,8,263.0,32.0,176.0,779.0,64.0,102.0,3.0,2.0,22.74496281230728
749,2024,1,BS Criminology,CCJEF,4050,46.0,199,263.0,32.0,176.0,779.0,64.0,102.0,212.0,39.0,18.770544300398825
750,2024,1,BS MedTech,SNAMS,2025,102.0,224,263.0,32.0,176.0,779.0,64.0,102.0,156.0,74.0,20.647840887929178
751,2024,1,BSAeronautical,SEA,2025,306.0,1138,263.0,32.0,176.0,779.0,64.0,102.0,1162.0,244.0,47.28636167014666
752,2024,1,BSAviationMgmt,SBA,2025,27.0,28,263.0,32.0,176.0,779.0,64.0,102.0,,,136.8405398021116
753,2024,1,BSBA-FinMgmt,SBA,2025,20.0,99,263.0,32.0,176.0,779.0,64.0,102.0,77.0,21.0,144.38490225781902
754,2024,1,BSBA-HRMgmt,SBA,2025,4.0,33,263.0,32.0,176.0,779.0,64.0,102.0,31.0,11.0,163.1390000377999
755,2024,1,BSBA-MktgMgmt,SBA,2025,41.0,232,263.0,32.0,176.0,779.0,64.0,102.0,200.0,77.0,11.78982612254715
756,2024,1,BSBALegal,SBA,2025,19.0,101,263.0,32.0,176.0,779.0,64.0,102.0,91.0,30.0,18.556220879619605
757,2024,1,BSBAMgmtAcctg,SBA,2025,5.0,101,263.0,32.0,176.0,779.0,64.0,102.0,119.0,56.0,18.61003313627438
758,2024,1,BSCE-CEM,SEA,2025,0.0,150,263.0,32.0,176.0,779.0,64.0,102.0,116.0,0.0,18.147543451752103
759,2024,1,BSCE-SE,SEA,2025,0.0,83,263.0,32.0,176.0,779.0,64.0,102.0,67.0,0.0,9.848857801790572
760,2024,1,BSCE-TE,SEA,2025,0.0,55,263.0,32.0,176.0,779.0,64.0,102.0,52.0,0.0,2.886751345928756
761,2024,1,BSCompsci,SOC,2025,101.0,394,263.0,32.0,176.0,779.0,64.0,102.0,361.0,158.0,0.0
762,2024,1,BSCulinary,SHTM,2025,0.0,1,263.0,32.0,176.0,779.0,64.0,102.0,2.0,1.0,58.312377188151366
763,2024,1,BSCybersecurity,SOC,4050,62.0,143,263.0,32.0,176.0,779.0,64.0,102.0,75.0,29.0,58.312377188151366
764,2024,1,BSED-RelValEd,SED,2025,1.0,10,263.0,32.0,176.0,779.0,64.0,102.0,9.0,0.0,50.93459858812324
765,2024,1,BSEMC-DA,SOC,2025,104.0,331,263.0,32.0,176.0,779.0,64.0,102.0,273.0,93.0,35.51056180912796
766,2024,1,BSHM-Accomm,SHTM,2025,16.0,52,263.0,32.0,176.0,779.0,64.0,102.0,52.0,10.0,51.79124765183058
767,2024,1,BSHM-Culinary,SHTM,2025,61.0,244,263.0,32.0,176.0,779.0,64.0,102.0,234.0,58.0,55.6447062471646
768,2024,1,BSHM-RestFood,SHTM,2025,24.0,94,263.0,32.0,176.0,779.0,64.0,102.0,97.0,28.0,44.00378771575521
769,2024,1,BSITNetAdmin,SOC,2025,35.0,106,263.0,32.0,176.0,779.0,64.0,102.0,109.0,26.0,24.00694344003909
770,2024,1,BSITWebdev,SOC,2025,160.0,487,263.0,32.0,176.0,779.0,64.0,102.0,407.0,152.0,18.999999999997517
771,2024,1,BSIntAuditing,SBA,2025,0.0,3,263.0,32.0,176.0,779.0,64.0,102.0,4.0,2.0,75.54468876102358
772,2024,1,BSInterGastro,SHTM,2025,19.0,39,263.0,32.0,176.0,779.0,64.0,102.0,22.0,22.0,84.11301920630314
773,2024,1,BSNEd,SED,2025,8.0,27,263.0,32.0,176.0,779.0,64.0,102.0,21.0,1.0,87.40900029935848
774,2024,1,BSNursing,SNAMS,2025,100.0,439,263.0,32.0,176.0,779.0,64.0,102.0,443.0,75.0,9.539392014164012
775,2024,1,BSPsychology,SAS,2025,112.0,279,263.0,32.0,176.0,779.0,64.0,102.0,411.0,92.0,50.24274408641753
776,2024,1,BSRadTech,SNAMS,2025,100.0,172,263.0,32.0,176.0,779.0,64.0,102.0,84.0,25.0,56.89756878227097
777,2024,1,BSTM-DestMgmt,SHTM,2025,0.0,5,263.0,32.0,176.0,779.0,64.0,102.0,10.0,4.0,6.928203230270946
778,2024,1,BSTM-Events,SHTM,2025,1.0,1,263.0,32.0,176.0,779.0,64.0,102.0,3.0,0.0,61.49254697386712
779,2024,1,BSTM-Travel,SHTM,2025,140.0,508,263.0,32.0,176.0,779.0,64.0,102.0,488.0,143.0,57.448527686384075
780,2024,1,BSTourism,SHTM,2025,0.0,1,263.0,32.0,176.0,779.0,64.0,102.0,1.0,0.0,80.54191455385146
781,2024,1,BusMgt,SBA,4050,100.0,485,263.0,32.0,176.0,779.0,64.0,102.0,426.0,116.0,80.54191455385146
782,2024,1,CE,SEA,2025,222.0,642,263.0,32.0,176.0,779.0,64.0,102.0,705.0,166.0,72.11102550927927
783,2024,1,Comp. Eng'g.,SEA,2025,65.0,285,263.0,32.0,176.0,779.0,64.0,102.0,266.0,92.0,111.18153323881296
784,2024,1,EE,SEA,2025,28.0,104,263.0,32.0,176.0,779.0,64.0,102.0,118.0,21.0,82.41965784932589
785,2024,1,ELECENG,SEA,2025,30.0,114,263.0,32.0,176.0,779.0,64.0,102.0,137.0,19.0,102.99999999999969
786,2024,1,English-BSED,SED,2025,17.0,61,263.0,32.0,176.0,779.0,64.0,102.0,77.0,15.0,20.808652046682614
787,2024,1,IE,SEA,2025,28.0,147,263.0,32.0,176.0,779.0,64.0,102.0,146.0,64.0,6.99999999999298
788,2024,1,ME,SEA,2025,78.0,310,263.0,32.0,176.0,779.0,64.0,102.0,309.0,72.0,6.99999999999298
789,2024,1,MSPsychology,MA,2025,3.0,3,263.0,32.0,176.0,779.0,64.0,102.0,,,32.51153641401631
790,2024,1,Math,SED,2025,3.0,10,263.0,32.0,176.0,779.0,64.0,102.0,8.0,1.0,38.18813079129744
791,2024,1,Science-BSED,SED,2025,6.0,8,263.0,32.0,176.0,779.0,64.0,102.0,11.0,2.0,43.30127018922081
792,2024,1,SocialStud-BSED,SED,2025,5.0,5,263.0,32.0,176.0,779.0,64.0,102.0,6.0,5.0,1.732050807537632
