{"xgb": {"lambda": 0.0010452215345317598, "alpha": 5.560209738135623e-05, "subsample": 1.0, "colsample_bytree": 1.0, "colsample_bylevel": 0.6, "colsample_bynode": 0.9, "min_child_weight": 5, "max_depth": 6, "eta": 0.3566635372570972, "gamma": 0.000812024800686354, "grow_policy": "depthwise", "booster": "dart", "sample_type": "uniform", "normalize_type": "forest", "rate_drop": 0.5072897580939919, "skip_drop": 0.05622856903026999, "eval_metric": "rmse"}, "rf": {"n_estimators": 149, "max_depth": 7, "min_samples_split": 3, "min_samples_leaf": 5, "max_features": "sqrt", "criterion": "friedman_mse"}, "knn": {"metric": "manhattan", "n_neighbors": 4, "weights": "distance"}}